nome1,nome2,nome3,nome4,nome5,nome6,nome7,nome8,nome9
Sofia Silva, Lucas Oliveira, Isabela Costa, Mateus Santos, Laura Almeida, Enzo Rodrigues, Valentina Pereira, João Gomes, Alice Ferreira
Pedro Barbosa, Manuela Martins, Miguel Sousa, Helena Lima, Gabriel Fernandes, Laura Carvalho, Enzo Pereira, Beatriz Gonçalves, Arthur Ribeiro
Sophia Ribeiro, Lorenzo Pereira, Valentina Rodrigues, Bernardo Alves, Isabella Costa, Davi Fernandes, Maria Oliveira, Rafael Santos, Júlia Castro
Gustavo Ferreira, Eduarda Gomes, Samuel Silva, Luiza Rodrigues, Daniel Costa, Mariana Santos, Lucas Oliveira, Sophia Almeida, Pedro Carvalho
Clara Martins, João Gomes, Sophia Silva, Enzo Rodrigues, Maria Pereira, Matheus Oliveira, Alice Fernandes, Miguel Gonçalves, Laura Ribeiro
Guilherme Santos, Beatriz Lima, Theo Oliveira, Heloísa Carvalho, Henrique Almeida, Laura Fernandes, Arthur Costa, Sofia Rodrigues, Davi Martins
Isabela Castro, Lucas Barbosa, Valentina Alves, João Ribeiro, Laura Gomes, Enzo Fernandes, Manuela Pereira, Pedro Costa, Mariana Sousa
Gabriel Silva, Sofia Gonçalves, Lorenzo Rodrigues, Alice Oliveira, Rafael Fernandes, Maria Martins, Miguel Carvalho, Isabella Santos, Daniel Pereira
Helena Costa, Miguel Santos, Laura Carvalho, Arthur Oliveira, Manuela Ribeiro, Lucas Fernandes, Valentina Martins, Pedro Alves, Sophia Gomes
Enzo Pereira, Beatriz Gonçalves, Lucas Ribeiro, Isabela Lima, Bernardo Oliveira, Eduarda Costa, Gabriel Fernandes, Luiza Almeida, Matheus Sousa
Júlia Castro, Gustavo Ferreira, Helena Martins, Pedro Gomes, Mariana Silva, Rafael Santos, Sophia Oliveira, Samuel Rodrigues, Laura Carvalho
João Oliveira, Laura Fernandes, Miguel Costa, Alice Martins, Henrique Sousa, Isabella Ribeiro, Davi Carvalho, Manuela Alves, Lucas Pereira
Sophia Almeida, Enzo Fernandes, Valentina Pereira, Rafael Gonçalves, Laura Silva, Theo Oliveira, Beatriz Rodrigues, Gabriel Carvalho, Clara Lima
Matheus Santos, Maria Oliveira, Lucas Barbosa, Isabela Ribeiro, Bernardo Fernandes, Mariana Gomes, Lorenzo Costa, Helena Martins, Arthur Silva
Sofia Rodrigues, Pedro Carvalho, Laura Sousa, Miguel Oliveira, Júlia Costa, Enzo Ribeiro, Beatriz Fernandes, João Alves, Manuela Santos
Gabriel Fernandes, Alice Lima, Lucas Gomes, Valentina Ribeiro, Rafael Martins, Isabella Carvalho, Matheus Almeida, Sophia Silva, Bernardo Pereira
Helena Alves, João Ribeiro, Laura Gomes, Miguel Carvalho, Sofia Costa, Enzo Fernandes, Manuela Pereira, Pedro Martins, Isabela Rodrigues
Lorenzo Oliveira, Laura Fernandes, Theo Costa, Maria Martins, Henrique Sousa, Beatriz Lima, Davi Carvalho, Mariana Alves, Lucas Pereira
Sophia Lima, Enzo Fernandes, Valentina Pereira, Rafael Gonçalves, Laura Silva, Gabriel Oliveira, Beatriz Ribeiro, Matheus Carvalho, Clara Santos
Matheus Almeida, Maria Oliveira, Lucas Barbosa, Isabela Ribeiro, Bernardo Fernandes, Mariana Gomes, Lorenzo Costa, Helena Martins, Arthur Silva
Sofia Rodrigues, Pedro Carvalho, Laura Sousa, Miguel Oliveira, Júlia Costa, Enzo Ribeiro, Beatriz Fernandes, João Alves, Manuela Santos
Gabriel Fernandes, Alice Lima, Lucas Gomes, Valentina Ribeiro, Rafael Martins, Isabella Carvalho, Matheus Alves, Sophia Silva, Bernardo Pereira
Helena Alves, João Ribeiro, Laura Gomes, Miguel Carvalho, Sofia Costa, Enzo Fernandes, Manuela Pereira, Pedro Martins, Isabela Rodrigues
Lorenzo Oliveira, Laura Fernandes, Theo Costa, Maria Martins, Henrique Sousa, Beatriz Lima, Davi Carvalho, Mariana Alves, Lucas Pereira
Sophia Lima, Enzo Fernandes, Valentina Pereira, Rafael Gonçalves, Laura Silva, Gabriel Oliveira, Beatriz Ribeiro, Matheus Carvalho, Clara Santos
Matheus Almeida, Maria Oliveira, Lucas Barbosa, Isabela Ribeiro, Bernardo Fernandes, Mariana Gomes, Lorenzo Costa, Helena Martins, Arthur Silva
Sofia Rodrigues, Pedro Carvalho, Laura Sousa, Miguel Oliveira, Júlia Costa, Enzo Ribeiro, Beatriz Fernandes, João Alves, Manuela Santos
Gabriel Fernandes, Alice Lima, Lucas Gomes, Valentina Ribeiro, Rafael Martins, Isabella Carvalho, Matheus Alves, Sophia Silva, Bernardo Pereira
Helena Alves, João Ribeir, Laura Gomes, Miguel Carvalho, Sofia Costa, Enzo Fernandes, Manuela Pereira, Pedro Martins, Isabela Rodrigues
Lorenzo Oliveira, Laura Fernandes, Theo Costa, Maria Martins, Henrique Sousa, Beatriz Lima, Davi Carvalho, Mariana Alves, Lucas Pereira
Sophia Lima, Enzo Fernandes, Valentina Pereira, Rafael Gonçalves, Laura Silva, Gabriel Oliveira, Beatriz Ribeiro, Matheus Carvalho, Clara Santos
Matheus Almeida, Maria Oliveira, Lucas Barbosa, Isabela Ribeiro, Bernardo Fernandes, Mariana Gomes, Lorenzo Costa, Helena Martins, Arthur Silva
Sofia Rodrigues, Pedro Carvalho, Laura Sousa, Miguel Oliveira, Júlia Costa, Enzo Ribeiro, Beatriz Fernandes, João Alves, Manuela Santos
Gabriel Fernandes, Alice Lima, Lucas Gomes, Valentina Ribeiro, Rafael Martins, Isabella Carvalho, Matheus Alves, Sophia Silva, Bernardo Pereira
Helena Alves, João Ribeiro, Laura Gomes, Miguel Carvalho, Sofia Costa, Enzo Fernandes, Manuela Pereira, Pedro Martins, Isabela Rodrigues
Lorenzo Oliveira, Laura Fernandes, Theo Costa, Maria Martins, Henrique Sousa, Beatriz Lima, Davi Carvalho, Mariana Alves, Lucas Pereira
Sophia Lima, Enzo Fernandes, Valentina Pereira, Rafael Gonçalves, Laura Silva, Gabriel Oliveira, Beatriz Ribeiro, Matheus Carvalho, Clara Santos
Sofia Martins, Lucas Alves, Isabela Rodrigues, Miguel Costa, Manuela Fernandes, Pedro Ribeiro, Helena Gomes, Rafaela Carvalho, Enzo Sousa
Mateus Oliveira, Laura Santos, Gabriel Ferreira, Maria Lima, Bernardo Martins, Isabella Fernandes, Davi Ribeiro, Valentina Almeida, Sofia Pereira
João Rodrigues, Alice Costa, Lucas Fernandes, Mariana Alves, Pedro Gomes, Helena Ribeiro, Enzo Oliveira, Laura Martins, Miguel Silva